user_id,login_time,logout_time,ip_address,country,city,login_status,device_type,failed_attempts
U116,2025-01-15 07:05,2025-01-15 12:47,43.243.137.113,Germany,Berlin,Failed,Mobile,6
U110,2025-01-05 18:25,2025-01-06 01:06,129.198.106.38,UK,London,Success,Laptop,0
U104,2025-01-19 21:40,2025-01-20 01:14,233.111.242.60,Germany,Berlin,Success,Laptop,2
U102,2025-01-12 07:08,2025-01-12 15:28,24.18.37.105,UK,London,Success,Mobile,0
U117,2025-01-14 06:17,2025-01-14 15:52,32.42.104.35,Germany,Berlin,Failed,Mobile,3
U108,2025-01-20 00:51,2025-01-20 08:25,141.243.81.183,Russia,Moscow,Success,Laptop,2
U126,2025-01-04 14:46,2025-01-04 20:07,128.149.56.167,Nigeria,Lagos,Success,Mobile,0
U130,2025-01-25 09:59,2025-01-25 19:05,52.89.145.176,India,Bangalore,Failed,Laptop,6
U107,2025-01-31 09:08,2025-01-31 12:03,193.3.137.160,China,Beijing,Success,Laptop,1
U104,2025-01-18 14:01,2025-01-18 17:14,18.56.231.204,China,Beijing,Failed,Laptop,3
U102,2025-01-28 12:21,2025-01-28 20:53,72.7.178.109,China,Beijing,Failed,Laptop,4
U114,2025-01-24 09:30,2025-01-24 18:59,139.161.16.112,Nigeria,Lagos,Success,Mobile,0
U127,2025-01-05 02:28,2025-01-05 06:47,116.177.5.29,Nigeria,Lagos,Failed,Laptop,3
U112,2025-01-16 12:51,2025-01-16 21:12,141.92.198.81,Nigeria,Lagos,Success,Mobile,0
U126,2025-01-02 13:38,2025-01-02 21:39,246.136.179.75,Thailand,Bangkok,Success,Laptop,0
U113,2025-01-18 23:11,2025-01-19 02:20,111.27.38.158,Germany,Berlin,Success,Laptop,0
U103,2025-01-05 22:23,2025-01-06 01:54,72.103.120.104,USA,Texas,Failed,Laptop,3
U104,2025-01-09 03:25,2025-01-09 07:42,227.86.155.170,UK,London,Failed,Laptop,3
U108,2025-01-17 03:41,2025-01-17 07:34,247.147.12.34,China,Beijing,Failed,Laptop,3
U113,2025-01-26 19:07,2025-01-26 19:36,192.193.113.32,UK,London,Success,Laptop,0
U111,2025-01-06 02:39,2025-01-06 03:28,247.192.178.141,Russia,Moscow,Success,Laptop,0
U115,2025-01-09 22:33,2025-01-10 00:18,164.34.133.139,UK,London,Success,Laptop,0
U113,2025-01-07 09:50,2025-01-07 18:46,246.212.19.240,India,Chennai,Success,Laptop,0
U120,2025-01-06 03:23,2025-01-06 05:34,252.91.203.133,UK,London,Failed,Laptop,5
U129,2025-01-23 23:13,2025-01-24 02:55,143.236.201.185,Germany,Berlin,Failed,Mobile,3
U113,2025-01-31 08:35,2025-01-31 09:53,87.193.7.215,Nigeria,Lagos,Failed,Laptop,3
U118,2025-01-21 20:55,2025-01-22 01:20,180.148.211.156,UK,London,Failed,Laptop,3
U120,2025-01-03 09:19,2025-01-03 18:39,26.229.122.71,USA,Texas,Failed,Mobile,5
U124,2025-01-02 18:13,2025-01-02 18:37,51.84.213.169,Germany,Berlin,Success,Mobile,0
U123,2025-01-13 19:19,2025-01-14 02:49,142.85.144.148,Germany,Berlin,Success,Laptop,1
U123,2025-01-02 06:46,2025-01-02 09:40,175.126.121.99,India,Pune,Success,Mobile,0
U119,2025-01-22 04:26,2025-01-22 10:24,74.207.51.114,USA,New York,Success,Laptop,2
U103,2025-01-09 00:21,2025-01-09 08:48,201.9.203.246,Germany,Berlin,Success,Mobile,2
U107,2025-01-09 00:11,2025-01-09 08:46,102.15.91.130,UK,London,Failed,Mobile,3
U127,2025-01-27 00:41,2025-01-27 09:09,27.249.123.247,Thailand,Bangkok,Failed,Mobile,3
U122,2025-01-06 23:16,2025-01-06 23:38,50.95.191.208,UK,London,Failed,Mobile,3
U120,2025-01-17 12:00,2025-01-17 17:39,67.58.139.202,India,Pune,Success,Laptop,1
U128,2025-01-25 02:23,2025-01-25 03:44,80.121.245.5,UK,London,Success,Mobile,1
U124,2025-01-12 09:19,2025-01-12 18:16,42.170.203.211,UK,London,Failed,Mobile,4
U129,2025-01-11 08:36,2025-01-11 13:47,168.156.113.84,Thailand,Bangkok,Failed,Mobile,4
U119,2025-01-07 22:37,2025-01-08 00:01,207.62.238.16,Germany,Berlin,Failed,Mobile,6
U105,2025-01-04 22:54,2025-01-05 03:17,212.102.234.105,China,Beijing,Success,Laptop,0
U122,2025-01-12 21:28,2025-01-13 05:11,134.101.67.68,Germany,Berlin,Failed,Mobile,3
U113,2025-01-31 21:18,2025-02-01 02:46,145.109.195.49,India,Bangalore,Success,Laptop,0
U101,2025-01-10 20:48,2025-01-11 05:51,100.198.201.89,UK,London,Failed,Laptop,3
U108,2025-01-09 00:00,2025-01-09 00:48,50.158.145.152,USA,Texas,Failed,Mobile,4
U103,2025-01-10 14:56,2025-01-11 00:11,106.93.166.227,Russia,Moscow,Success,Laptop,0
U123,2025-01-14 05:53,2025-01-14 10:50,73.0.198.38,Nigeria,Lagos,Success,Mobile,0
U122,2025-01-31 10:59,2025-01-31 19:31,162.13.61.228,UK,London,Success,Mobile,0
U126,2025-01-14 20:58,2025-01-15 01:00,209.170.234.122,Germany,Berlin,Success,Mobile,0
U129,2025-01-03 15:21,2025-01-03 23:30,241.135.138.125,Thailand,Bangkok,Success,Mobile,2
U107,2025-01-14 06:01,2025-01-14 10:57,42.209.2.174,Russia,Moscow,Success,Laptop,0
U116,2025-01-09 09:28,2025-01-09 17:59,169.227.47.20,China,Beijing,Success,Laptop,1
U114,2025-01-29 01:11,2025-01-29 04:55,242.193.50.132,Germany,Berlin,Failed,Mobile,4
U120,2025-01-07 18:18,2025-01-08 03:58,237.58.90.57,Thailand,Bangkok,Failed,Mobile,4
U105,2025-01-07 22:41,2025-01-08 08:10,30.183.12.168,Russia,Moscow,Success,Laptop,0
U110,2025-01-06 23:01,2025-01-07 04:47,206.240.222.249,Germany,Berlin,Success,Laptop,0
U126,2025-01-17 02:38,2025-01-17 03:35,47.143.1.227,Russia,Moscow,Failed,Laptop,3
U117,2025-01-24 13:33,2025-01-24 21:11,126.94.127.64,Russia,Moscow,Failed,Laptop,6
U121,2025-01-15 11:31,2025-01-15 16:20,56.132.33.111,China,Beijing,Failed,Laptop,5
U101,2025-01-01 16:43,2025-01-01 23:41,148.69.13.46,Thailand,Bangkok,Success,Laptop,0
U126,2025-01-31 11:38,2025-01-31 15:34,186.0.53.213,Nigeria,Lagos,Success,Mobile,1
U125,2025-01-04 02:39,2025-01-04 10:48,24.119.13.61,Germany,Berlin,Failed,Laptop,3
U120,2025-01-30 05:03,2025-01-30 09:52,185.26.81.230,Thailand,Bangkok,Failed,Mobile,6
U111,2025-01-24 11:03,2025-01-24 15:38,142.68.167.253,India,Chennai,Success,Laptop,2
U115,2025-01-25 09:05,2025-01-25 11:29,211.95.22.85,UK,London,Success,Laptop,0
U128,2025-01-24 08:12,2025-01-24 17:16,204.196.111.103,UK,London,Success,Mobile,0
U108,2025-01-30 04:35,2025-01-30 11:51,227.133.93.184,Nigeria,Lagos,Success,Mobile,0
U124,2025-01-16 05:17,2025-01-16 08:45,198.233.86.141,USA,New York,Success,Mobile,0
U116,2025-01-22 02:49,2025-01-22 06:20,217.172.200.11,Germany,Berlin,Success,Laptop,0
U113,2025-01-22 22:53,2025-01-23 08:23,170.122.45.146,Nigeria,Lagos,Success,Mobile,2
U104,2025-01-23 16:05,2025-01-23 21:35,246.164.3.0,Germany,Berlin,Failed,Mobile,4
U111,2025-01-09 04:07,2025-01-09 08:32,208.192.100.124,Germany,Berlin,Failed,Mobile,4
U106,2025-01-13 17:28,2025-01-13 20:34,14.114.147.34,UK,London,Success,Mobile,1
U122,2025-01-23 14:57,2025-01-23 22:03,186.23.118.65,UK,London,Failed,Laptop,4
U107,2025-01-03 20:23,2025-01-03 21:59,232.201.173.94,Germany,Berlin,Success,Mobile,1
U102,2025-01-11 23:28,2025-01-12 03:14,129.166.136.147,USA,New York,Success,Laptop,1
U112,2025-01-07 17:44,2025-01-07 21:20,180.155.230.65,USA,New York,Failed,Mobile,3
U109,2025-01-19 01:41,2025-01-19 10:38,40.235.134.195,India,Chennai,Success,Laptop,1
U130,2025-01-22 18:13,2025-01-22 22:32,99.20.223.165,Russia,Moscow,Failed,Mobile,4
U113,2025-01-14 02:24,2025-01-14 09:40,218.95.202.165,UK,London,Success,Laptop,2
U127,2025-01-01 01:15,2025-01-01 10:56,33.207.147.56,USA,Texas,Success,Laptop,0
U102,2025-01-25 01:22,2025-01-25 03:15,61.242.32.239,UK,London,Failed,Mobile,5
U125,2025-01-16 06:02,2025-01-16 12:45,23.132.34.64,China,Beijing,Failed,Mobile,5
U105,2025-01-30 12:00,2025-01-30 14:40,125.253.133.28,Nigeria,Lagos,Failed,Laptop,6
U107,2025-01-18 13:16,2025-01-18 16:29,69.230.193.226,Russia,Moscow,Success,Mobile,0
U105,2025-01-21 03:56,2025-01-21 11:17,211.186.245.242,Russia,Moscow,Success,Mobile,1
U109,2025-01-09 02:10,2025-01-09 05:58,95.41.124.83,China,Beijing,Success,Mobile,0
U106,2025-01-25 15:24,2025-01-25 15:56,55.59.107.189,Russia,Moscow,Success,Mobile,0
U122,2025-01-27 14:28,2025-01-27 20:26,115.10.1.46,Russia,Moscow,Failed,Mobile,6
U115,2025-01-22 02:23,2025-01-22 08:43,46.101.176.50,UK,London,Success,Laptop,0
U119,2025-01-24 10:26,2025-01-24 12:48,130.235.226.119,India,Hyderabad,Success,Laptop,2
U113,2025-01-05 15:59,2025-01-05 19:18,210.77.242.192,Thailand,Bangkok,Failed,Laptop,3
U114,2025-01-23 02:08,2025-01-23 03:12,47.236.126.131,Nigeria,Lagos,Success,Laptop,0
U107,2025-01-30 19:02,2025-01-30 23:36,101.40.59.252,USA,Texas,Failed,Laptop,4
U113,2025-01-19 22:23,2025-01-20 08:03,192.228.31.130,UK,London,Failed,Laptop,5
U122,2025-01-29 10:08,2025-01-29 10:17,241.121.178.113,Russia,Moscow,Failed,Mobile,6
U109,2025-01-27 05:52,2025-01-27 12:58,117.44.184.187,USA,New York,Success,Mobile,0
U125,2025-01-02 18:55,2025-01-03 03:52,62.183.21.42,Germany,Berlin,Success,Laptop,0
U114,2025-01-25 09:05,2025-01-25 13:11,54.223.27.98,USA,Texas,Success,Laptop,1
U124,2025-01-26 14:24,2025-01-26 18:48,138.245.116.241,Thailand,Bangkok,Success,Mobile,0
U121,2025-01-03 02:19,2025-01-03 04:15,81.91.73.188,Germany,Berlin,Failed,Laptop,5
U116,2025-01-14 09:57,2025-01-14 14:32,200.151.54.212,USA,New York,Success,Mobile,0
U108,2025-01-29 04:36,2025-01-29 11:32,35.179.246.174,Thailand,Bangkok,Success,Laptop,2
U110,2025-01-16 23:37,2025-01-17 06:26,111.87.156.26,India,Bangalore,Failed,Mobile,3
U127,2025-01-14 08:57,2025-01-14 12:54,226.17.26.164,UK,London,Success,Laptop,1
U130,2025-01-07 00:04,2025-01-07 02:40,75.29.151.19,UK,London,Failed,Mobile,5
U105,2025-01-24 13:15,2025-01-24 14:01,37.135.182.0,Thailand,Bangkok,Failed,Mobile,4
U110,2025-01-20 04:34,2025-01-20 13:58,35.217.209.56,UK,London,Failed,Mobile,4
U124,2025-01-08 23:27,2025-01-09 06:16,177.36.118.82,USA,New York,Failed,Mobile,6
U112,2025-01-28 02:05,2025-01-28 10:14,13.141.246.207,USA,Texas,Failed,Laptop,3
U120,2025-01-07 11:18,2025-01-07 11:59,64.124.4.207,China,Beijing,Failed,Mobile,3
U114,2025-01-20 13:22,2025-01-20 14:36,103.103.184.6,USA,Texas,Failed,Laptop,4
U119,2025-01-04 20:12,2025-01-05 00:26,97.141.189.77,Germany,Berlin,Success,Laptop,2
U106,2025-01-17 22:51,2025-01-18 04:42,120.66.154.70,UK,London,Failed,Laptop,4
U101,2025-01-19 19:12,2025-01-19 20:30,132.24.144.16,India,Bangalore,Failed,Mobile,4
U106,2025-01-23 01:55,2025-01-23 03:32,134.27.97.252,China,Beijing,Success,Laptop,2
U102,2025-01-18 04:06,2025-01-18 05:27,159.208.245.183,China,Beijing,Failed,Mobile,4
U108,2025-01-05 23:26,2025-01-06 05:43,193.3.202.15,Russia,Moscow,Success,Mobile,0
U107,2025-01-17 16:30,2025-01-17 16:50,21.90.191.3,China,Beijing,Failed,Mobile,5
U119,2025-01-16 19:12,2025-01-16 19:42,119.228.244.26,China,Beijing,Failed,Laptop,6
U110,2025-01-10 21:25,2025-01-11 02:10,175.217.231.203,China,Beijing,Success,Laptop,1
U110,2025-01-06 08:16,2025-01-06 18:09,64.28.212.7,Russia,Moscow,Failed,Laptop,3
U118,2025-01-23 20:45,2025-01-23 21:44,251.40.144.104,Thailand,Bangkok,Failed,Mobile,5
U102,2025-01-05 04:28,2025-01-05 05:36,191.72.140.143,Germany,Berlin,Failed,Laptop,4
U102,2025-01-06 17:57,2025-01-06 21:21,116.144.231.86,USA,New York,Failed,Mobile,5
U105,2025-01-31 21:37,2025-02-01 06:14,129.88.146.158,Thailand,Bangkok,Success,Mobile,2
U112,2025-01-07 04:50,2025-01-07 11:11,174.135.18.53,Germany,Berlin,Success,Laptop,1
U110,2025-01-01 12:15,2025-01-01 21:31,73.19.74.176,Russia,Moscow,Failed,Laptop,5
U111,2025-01-23 08:08,2025-01-23 11:54,41.243.18.147,India,Bangalore,Failed,Laptop,4
U127,2025-01-25 00:44,2025-01-25 01:13,205.49.232.34,India,Chennai,Failed,Laptop,3
U104,2025-01-11 19:29,2025-01-12 01:56,13.242.38.246,Germany,Berlin,Failed,Mobile,3
U107,2025-01-28 23:43,2025-01-29 00:51,196.129.25.26,USA,New York,Failed,Laptop,4
U123,2025-01-12 08:47,2025-01-12 16:22,87.239.118.249,USA,Texas,Failed,Mobile,4
U123,2025-01-12 05:54,2025-01-12 12:31,43.167.160.124,China,Beijing,Success,Laptop,0
U114,2025-01-12 12:52,2025-01-12 20:09,128.113.142.242,UK,London,Success,Mobile,0
U101,2025-01-19 09:35,2025-01-19 13:38,203.45.92.111,China,Beijing,Failed,Laptop,5
U110,2025-01-20 04:52,2025-01-20 13:38,169.5.75.19,Russia,Moscow,Failed,Laptop,3
U111,2025-01-27 09:29,2025-01-27 18:31,178.58.214.114,Nigeria,Lagos,Success,Mobile,1
U105,2025-01-14 00:49,2025-01-14 08:00,36.250.254.251,Nigeria,Lagos,Success,Laptop,2
U113,2025-01-23 23:29,2025-01-24 05:13,90.11.206.147,India,Bangalore,Success,Laptop,2
U118,2025-01-20 08:09,2025-01-20 10:35,194.195.39.249,Germany,Berlin,Failed,Laptop,4
U127,2025-01-29 08:49,2025-01-29 13:10,187.219.204.242,UK,London,Failed,Laptop,4
U111,2025-01-05 02:05,2025-01-05 10:31,138.66.221.79,UK,London,Failed,Laptop,6
U130,2025-01-04 22:58,2025-01-04 23:45,241.229.235.149,India,Pune,Success,Mobile,0
U130,2025-01-20 11:10,2025-01-20 14:18,179.109.36.186,USA,Texas,Failed,Mobile,4
U125,2025-01-19 16:50,2025-01-19 22:01,84.197.180.126,India,Pune,Success,Laptop,2
U107,2025-01-08 01:28,2025-01-08 10:21,109.132.203.21,China,Beijing,Success,Mobile,2
U104,2025-01-03 07:20,2025-01-03 10:29,73.71.243.80,USA,Texas,Success,Laptop,0
U129,2025-01-05 12:06,2025-01-05 15:11,230.34.106.181,China,Beijing,Failed,Laptop,3
U108,2025-01-29 06:53,2025-01-29 08:51,232.51.199.123,Russia,Moscow,Failed,Laptop,6
U105,2025-01-08 16:28,2025-01-08 21:14,243.134.69.95,Germany,Berlin,Failed,Mobile,4
U116,2025-01-14 05:08,2025-01-14 14:39,88.75.93.211,Russia,Moscow,Failed,Laptop,4
U114,2025-01-25 01:42,2025-01-25 02:50,175.220.23.109,Thailand,Bangkok,Success,Mobile,0
U124,2025-01-14 23:11,2025-01-15 06:40,151.103.201.56,UK,London,Success,Mobile,2
U112,2025-01-15 22:52,2025-01-15 22:59,160.82.83.47,UK,London,Success,Laptop,0
U112,2025-01-13 02:04,2025-01-13 05:16,131.195.249.223,UK,London,Failed,Laptop,6
U115,2025-01-30 08:17,2025-01-30 11:15,204.169.210.68,Germany,Berlin,Failed,Laptop,6
U112,2025-01-10 01:26,2025-01-10 08:19,167.114.33.142,Germany,Berlin,Success,Mobile,0
U120,2025-01-18 16:03,2025-01-18 18:50,149.91.39.98,Thailand,Bangkok,Failed,Laptop,3
U112,2025-01-12 02:48,2025-01-12 09:51,219.188.176.224,UK,London,Success,Mobile,1
U106,2025-01-30 14:32,2025-01-30 23:55,84.149.148.84,China,Beijing,Success,Mobile,1
U111,2025-01-24 17:29,2025-01-25 02:18,171.251.2.209,Germany,Berlin,Success,Mobile,2
U109,2025-01-28 14:21,2025-01-28 17:14,246.171.90.90,UK,London,Failed,Mobile,6
U124,2025-01-04 07:09,2025-01-04 16:39,33.18.159.182,UK,London,Failed,Laptop,6
U123,2025-01-12 11:22,2025-01-12 20:00,30.173.136.241,China,Beijing,Failed,Mobile,4
U102,2025-01-04 09:55,2025-01-04 19:50,187.36.54.233,UK,London,Failed,Laptop,6
U126,2025-01-14 10:21,2025-01-14 10:36,71.211.132.115,Germany,Berlin,Failed,Mobile,3
U122,2025-01-19 13:46,2025-01-19 14:49,240.202.18.143,Russia,Moscow,Failed,Laptop,4
U107,2025-01-01 12:17,2025-01-01 13:04,77.148.237.85,USA,Texas,Failed,Mobile,4
U118,2025-01-24 02:41,2025-01-24 04:30,37.20.69.94,UK,London,Success,Mobile,1
U130,2025-01-04 04:21,2025-01-04 04:58,75.53.141.249,India,Pune,Success,Laptop,1
U126,2025-01-16 11:39,2025-01-16 21:21,140.145.106.86,Russia,Moscow,Success,Mobile,1
U112,2025-01-09 13:14,2025-01-09 18:44,155.223.179.88,Russia,Moscow,Success,Mobile,0
U118,2025-01-30 06:01,2025-01-30 06:59,76.236.84.201,Thailand,Bangkok,Success,Laptop,2
U107,2025-01-30 11:37,2025-01-30 18:04,61.69.18.147,UK,London,Success,Laptop,0
U105,2025-01-26 05:50,2025-01-26 06:13,186.206.34.54,UK,London,Failed,Laptop,6
U125,2025-01-30 21:37,2025-01-31 06:46,25.211.184.67,Thailand,Bangkok,Failed,Laptop,6
U112,2025-01-23 13:09,2025-01-23 22:55,79.191.242.215,Russia,Moscow,Failed,Mobile,5
U125,2025-01-19 09:46,2025-01-19 17:00,195.192.206.29,UK,London,Success,Mobile,2
U108,2025-01-01 01:37,2025-01-01 08:47,165.189.168.195,Nigeria,Lagos,Failed,Laptop,3
U126,2025-01-24 07:06,2025-01-24 08:09,62.168.1.171,UK,London,Success,Laptop,0
U123,2025-01-23 19:13,2025-01-24 04:07,129.96.190.111,UK,London,Success,Laptop,0
U124,2025-01-30 12:23,2025-01-30 16:38,227.148.106.78,Nigeria,Lagos,Failed,Mobile,5
U107,2025-01-29 16:58,2025-01-29 18:15,126.54.121.119,Russia,Moscow,Failed,Mobile,6
U124,2025-01-27 13:32,2025-01-27 20:21,182.0.202.252,Nigeria,Lagos,Failed,Mobile,3
U111,2025-01-15 18:49,2025-01-16 01:39,105.52.95.172,Russia,Moscow,Success,Laptop,1
U109,2025-01-02 17:08,2025-01-03 01:56,245.76.95.141,China,Beijing,Success,Laptop,0
U105,2025-01-11 17:35,2025-01-12 01:13,23.37.108.77,China,Beijing,Success,Laptop,2
U127,2025-01-06 17:24,2025-01-06 22:59,161.132.160.207,Nigeria,Lagos,Success,Laptop,2
U104,2025-01-28 04:23,2025-01-28 06:59,113.250.72.248,Thailand,Bangkok,Failed,Mobile,4
U110,2025-01-11 12:46,2025-01-11 21:40,28.153.28.107,China,Beijing,Success,Mobile,2
U119,2025-01-06 03:47,2025-01-06 06:56,121.63.244.45,Germany,Berlin,Success,Mobile,1
U123,2025-01-14 06:00,2025-01-14 13:54,238.203.21.10,China,Beijing,Success,Laptop,0
U116,2025-01-12 14:45,2025-01-13 00:31,140.80.55.131,Nigeria,Lagos,Failed,Laptop,5
U125,2025-01-16 13:17,2025-01-16 15:39,238.211.49.115,Thailand,Bangkok,Success,Laptop,2
U109,2025-01-11 16:01,2025-01-11 17:38,93.238.202.97,Russia,Moscow,Success,Mobile,0
U121,2025-01-08 05:04,2025-01-08 07:23,68.158.9.195,Russia,Moscow,Success,Laptop,2
U121,2025-01-27 21:50,2025-01-28 04:39,31.148.24.6,USA,New York,Success,Laptop,0
U103,2025-01-30 06:02,2025-01-30 13:34,163.108.172.125,USA,New York,Success,Laptop,0
U128,2025-01-16 23:06,2025-01-17 06:15,104.174.146.160,China,Beijing,Success,Mobile,2
U101,2025-01-13 13:39,2025-01-13 18:22,152.68.228.88,Russia,Moscow,Failed,Laptop,4
U127,2025-01-17 07:17,2025-01-17 09:31,253.184.138.227,Nigeria,Lagos,Success,Laptop,0
U108,2025-01-19 12:44,2025-01-19 21:07,236.234.230.61,UK,London,Failed,Mobile,5
U126,2025-01-10 15:30,2025-01-10 20:47,102.68.43.175,India,Pune,Failed,Laptop,5
U111,2025-01-13 07:36,2025-01-13 15:34,195.45.165.178,Thailand,Bangkok,Success,Mobile,2
U102,2025-01-23 00:31,2025-01-23 09:27,157.115.199.188,UK,London,Success,Laptop,0
U119,2025-01-02 14:16,2025-01-02 16:09,116.57.131.71,India,Pune,Success,Laptop,0
U117,2025-01-25 05:00,2025-01-25 14:50,94.129.221.21,India,Bangalore,Failed,Laptop,6
U124,2025-01-28 01:25,2025-01-28 06:27,38.143.56.230,Russia,Moscow,Success,Laptop,1
U117,2025-01-17 05:08,2025-01-17 07:33,80.83.244.96,Nigeria,Lagos,Failed,Mobile,4
U113,2025-01-15 05:20,2025-01-15 05:47,69.114.5.150,India,Hyderabad,Failed,Mobile,5
U113,2025-01-25 21:52,2025-01-26 00:00,216.66.82.115,Nigeria,Lagos,Success,Mobile,0
U106,2025-01-27 15:29,2025-01-27 15:55,248.19.156.70,China,Beijing,Success,Laptop,0
U128,2025-01-30 10:20,2025-01-30 18:36,235.139.214.55,Germany,Berlin,Success,Mobile,1
U126,2025-01-14 21:22,2025-01-14 22:15,217.180.70.139,Russia,Moscow,Success,Mobile,2
U116,2025-01-13 13:07,2025-01-13 19:43,215.5.134.207,India,Chennai,Success,Laptop,1
U126,2025-01-23 18:33,2025-01-24 00:56,150.124.6.76,Germany,Berlin,Success,Laptop,2
U112,2025-01-24 09:50,2025-01-24 17:50,191.110.72.165,Russia,Moscow,Failed,Laptop,5
U106,2025-01-22 21:24,2025-01-22 23:58,187.124.49.87,Nigeria,Lagos,Success,Mobile,2
U106,2025-01-17 13:15,2025-01-17 15:58,157.28.138.247,Russia,Moscow,Success,Mobile,1
U109,2025-01-26 04:08,2025-01-26 13:21,180.58.76.34,Nigeria,Lagos,Failed,Mobile,5
U108,2025-01-31 05:20,2025-01-31 12:13,240.74.62.78,Germany,Berlin,Success,Laptop,1
U111,2025-01-16 07:09,2025-01-16 12:31,240.45.31.74,India,Pune,Success,Laptop,0
U128,2025-01-19 12:10,2025-01-19 20:16,122.228.183.183,Russia,Moscow,Success,Mobile,1
U111,2025-01-14 18:14,2025-01-15 02:45,38.41.163.199,Russia,Moscow,Failed,Mobile,6
U124,2025-01-12 23:03,2025-01-13 06:40,104.89.52.90,China,Beijing,Success,Laptop,1
U130,2025-01-07 07:17,2025-01-07 15:32,235.110.121.120,UK,London,Failed,Mobile,3
U123,2025-01-12 00:00,2025-01-12 01:14,15.70.178.92,Thailand,Bangkok,Success,Laptop,2
U117,2025-01-27 11:04,2025-01-27 12:12,246.37.27.247,Russia,Moscow,Failed,Laptop,5
U103,2025-01-25 05:18,2025-01-25 08:45,47.220.255.60,India,Hyderabad,Failed,Laptop,4
U117,2025-01-21 01:27,2025-01-21 11:08,166.56.221.243,Nigeria,Lagos,Failed,Laptop,6
U118,2025-01-10 13:28,2025-01-10 21:03,251.160.76.29,Thailand,Bangkok,Success,Mobile,2
U113,2025-01-01 17:29,2025-01-01 18:29,168.116.75.189,China,Beijing,Failed,Mobile,3
U119,2025-01-25 05:23,2025-01-25 14:39,216.147.106.16,UK,London,Success,Laptop,1
U111,2025-01-09 11:28,2025-01-09 14:51,74.137.93.222,India,Bangalore,Success,Laptop,0
U109,2025-01-05 11:20,2025-01-05 20:53,189.212.210.225,Thailand,Bangkok,Success,Laptop,2
U114,2025-01-24 04:10,2025-01-24 10:40,117.170.98.59,Nigeria,Lagos,Failed,Laptop,5
U101,2025-01-17 21:59,2025-01-17 22:45,172.141.74.44,USA,Texas,Success,Mobile,1
U112,2025-01-02 11:07,2025-01-02 16:02,140.77.168.0,Thailand,Bangkok,Failed,Mobile,5
U117,2025-01-26 04:37,2025-01-26 09:49,146.6.56.75,Nigeria,Lagos,Success,Laptop,1
U105,2025-01-24 03:35,2025-01-24 06:42,190.65.180.45,Russia,Moscow,Failed,Mobile,6
U118,2025-01-22 01:12,2025-01-22 07:55,213.190.12.167,UK,London,Failed,Mobile,5
U112,2025-01-13 12:15,2025-01-13 15:13,14.27.50.135,China,Beijing,Success,Mobile,2
U110,2025-01-23 14:26,2025-01-23 20:19,63.218.92.68,Germany,Berlin,Failed,Laptop,3
U122,2025-01-27 05:39,2025-01-27 11:34,19.85.251.163,China,Beijing,Success,Mobile,2
U125,2025-01-19 23:44,2025-01-20 00:31,146.44.57.191,USA,Texas,Failed,Mobile,3
U116,2025-01-23 15:20,2025-01-23 21:59,170.250.254.86,UK,London,Failed,Laptop,6
U120,2025-01-01 14:21,2025-01-01 22:14,197.47.144.113,Thailand,Bangkok,Success,Laptop,0
U121,2025-01-08 04:21,2025-01-08 11:48,253.78.165.77,Thailand,Bangkok,Failed,Laptop,6
U126,2025-01-30 06:40,2025-01-30 15:48,199.105.94.80,Thailand,Bangkok,Failed,Laptop,4
U128,2025-01-09 08:22,2025-01-09 14:37,14.101.255.165,China,Beijing,Success,Laptop,0
U118,2025-01-26 02:56,2025-01-26 06:15,191.181.179.120,Russia,Moscow,Success,Laptop,0
U115,2025-01-27 02:34,2025-01-27 07:23,176.133.61.91,China,Beijing,Failed,Mobile,3
U111,2025-01-17 13:40,2025-01-17 19:03,121.137.163.20,India,Pune,Success,Mobile,0
U108,2025-01-04 13:36,2025-01-04 14:54,140.156.128.98,China,Beijing,Success,Mobile,2
U115,2025-01-13 23:59,2025-01-14 07:05,167.178.196.254,Thailand,Bangkok,Success,Mobile,0
U102,2025-01-20 11:08,2025-01-20 13:06,139.60.245.195,Russia,Moscow,Failed,Mobile,4
U116,2025-01-15 19:12,2025-01-15 21:05,221.211.232.171,Russia,Moscow,Failed,Mobile,6
U114,2025-01-19 05:38,2025-01-19 06:24,51.201.28.85,India,Pune,Failed,Mobile,3
U115,2025-01-28 10:45,2025-01-28 16:27,129.174.124.54,USA,New York,Success,Mobile,0
U104,2025-01-09 12:48,2025-01-09 15:03,127.202.96.148,UK,London,Success,Mobile,2
U127,2025-01-22 06:42,2025-01-22 07:09,145.168.238.14,India,Chennai,Success,Mobile,0
U115,2025-01-06 17:04,2025-01-07 00:21,189.79.184.115,USA,Texas,Failed,Laptop,3
U118,2025-01-18 04:12,2025-01-18 06:17,220.191.153.10,Russia,Moscow,Success,Mobile,0
U113,2025-01-11 21:02,2025-01-12 02:21,204.179.177.150,China,Beijing,Success,Laptop,2
U115,2025-01-22 18:36,2025-01-22 19:18,61.196.164.11,China,Beijing,Failed,Laptop,4
U101,2025-01-10 01:30,2025-01-10 06:57,199.239.49.7,China,Beijing,Success,Laptop,0
U124,2025-01-14 15:58,2025-01-14 23:50,178.216.102.78,USA,New York,Success,Mobile,1
U120,2025-01-12 01:21,2025-01-12 10:12,162.182.71.91,China,Beijing,Failed,Laptop,4
U107,2025-01-26 00:22,2025-01-26 04:06,33.156.15.65,USA,New York,Failed,Mobile,5
U101,2025-01-12 22:08,2025-01-13 00:48,133.94.226.60,Russia,Moscow,Failed,Laptop,6
U128,2025-01-20 14:09,2025-01-20 18:17,147.95.231.44,Nigeria,Lagos,Failed,Laptop,5
U114,2025-01-04 11:32,2025-01-04 16:53,88.23.141.81,Nigeria,Lagos,Failed,Mobile,5
U101,2025-01-14 11:05,2025-01-14 15:04,235.12.15.168,Thailand,Bangkok,Success,Laptop,2
U112,2025-01-06 08:06,2025-01-06 11:31,113.103.69.172,Russia,Moscow,Success,Laptop,0
U114,2025-01-21 16:31,2025-01-21 18:26,16.174.157.236,UK,London,Failed,Laptop,4
U116,2025-01-24 11:31,2025-01-24 13:49,186.27.39.129,China,Beijing,Failed,Laptop,6
U129,2025-01-31 18:09,2025-01-31 21:55,132.179.213.21,Nigeria,Lagos,Success,Laptop,0
U121,2025-01-19 07:40,2025-01-19 12:32,192.197.136.21,Nigeria,Lagos,Success,Laptop,1
U107,2025-01-03 21:42,2025-01-04 06:40,252.112.168.49,Thailand,Bangkok,Failed,Mobile,3
U108,2025-01-17 22:25,2025-01-18 01:45,150.184.204.39,India,Bangalore,Success,Laptop,2
U130,2025-01-12 10:00,2025-01-12 11:48,160.73.250.131,Germany,Berlin,Success,Mobile,0
U106,2025-01-03 00:35,2025-01-03 07:54,22.90.158.22,Russia,Moscow,Success,Laptop,0
U112,2025-01-15 09:34,2025-01-15 16:52,137.169.137.185,Germany,Berlin,Failed,Laptop,5
U126,2025-01-10 22:07,2025-01-11 00:22,159.244.3.129,Russia,Moscow,Failed,Laptop,4
U120,2025-01-28 22:28,2025-01-29 07:14,33.51.209.194,Thailand,Bangkok,Success,Mobile,0
U123,2025-01-16 13:41,2025-01-16 15:10,176.176.6.90,UK,London,Failed,Laptop,3
U126,2025-01-25 06:29,2025-01-25 13:08,233.161.13.138,India,Hyderabad,Success,Laptop,1
U110,2025-01-12 02:36,2025-01-12 07:07,238.231.151.149,Russia,Moscow,Failed,Mobile,5
U108,2025-01-19 12:04,2025-01-19 17:21,247.219.73.138,India,Bangalore,Success,Laptop,1
U101,2025-01-23 07:31,2025-01-23 14:09,214.223.43.242,Russia,Moscow,Success,Laptop,2
U130,2025-01-25 02:22,2025-01-25 10:09,217.228.126.191,Germany,Berlin,Success,Mobile,1
U129,2025-01-28 19:51,2025-01-29 04:47,101.43.160.145,USA,New York,Success,Laptop,1
U103,2025-01-12 07:40,2025-01-12 10:17,92.53.197.101,Thailand,Bangkok,Success,Mobile,0
U109,2025-01-07 01:46,2025-01-07 10:04,213.124.126.167,Nigeria,Lagos,Success,Mobile,2
U118,2025-01-26 23:30,2025-01-27 01:53,236.118.215.70,USA,Texas,Success,Laptop,0
U107,2025-01-01 18:35,2025-01-01 23:12,162.251.228.197,Germany,Berlin,Failed,Laptop,3
U111,2025-01-29 08:43,2025-01-29 10:13,208.237.238.139,Russia,Moscow,Failed,Laptop,6
U101,2025-01-16 22:44,2025-01-16 22:56,46.20.249.58,Nigeria,Lagos,Success,Mobile,1
U118,2025-01-10 01:02,2025-01-10 06:10,87.75.159.64,UK,London,Failed,Mobile,5
U103,2025-01-02 19:32,2025-01-02 22:09,210.196.178.66,China,Beijing,Failed,Laptop,6
U116,2025-01-08 14:09,2025-01-08 15:57,212.217.19.89,Nigeria,Lagos,Success,Laptop,2
U121,2025-01-14 12:53,2025-01-14 15:56,61.161.242.40,Germany,Berlin,Success,Laptop,1
U108,2025-01-03 02:33,2025-01-03 07:35,57.100.203.179,Germany,Berlin,Success,Laptop,2
U122,2025-01-16 17:19,2025-01-16 19:53,142.89.77.30,Nigeria,Lagos,Success,Laptop,1
U112,2025-01-02 07:39,2025-01-02 11:12,150.72.207.60,India,Pune,Failed,Mobile,6
U128,2025-01-27 23:45,2025-01-28 08:32,154.152.204.118,USA,Texas,Failed,Mobile,6
U116,2025-01-20 08:34,2025-01-20 14:32,62.7.135.241,UK,London,Failed,Mobile,3
U101,2025-01-20 02:58,2025-01-20 03:15,25.133.223.136,India,Chennai,Failed,Laptop,5
U123,2025-01-22 10:45,2025-01-22 15:21,78.207.202.37,China,Beijing,Failed,Laptop,6
U115,2025-01-14 04:20,2025-01-14 10:16,47.27.166.136,India,Pune,Failed,Mobile,3
U111,2025-01-23 11:13,2025-01-23 15:24,141.119.27.44,Nigeria,Lagos,Failed,Laptop,3
U129,2025-01-30 08:32,2025-01-30 16:12,251.192.81.93,UK,London,Success,Laptop,1
U114,2025-01-04 21:36,2025-01-05 06:34,69.138.182.210,Germany,Berlin,Success,Mobile,0
U115,2025-01-15 09:27,2025-01-15 16:24,103.31.177.249,USA,New York,Failed,Mobile,4
U130,2025-01-07 11:23,2025-01-07 15:10,147.157.187.197,China,Beijing,Failed,Mobile,4
U110,2025-01-11 13:43,2025-01-11 18:15,61.196.40.15,Thailand,Bangkok,Failed,Laptop,4
U115,2025-01-12 11:19,2025-01-12 18:40,251.143.148.214,Germany,Berlin,Failed,Mobile,6
U120,2025-01-23 21:58,2025-01-24 00:45,227.27.215.242,Nigeria,Lagos,Success,Mobile,0
U125,2025-01-12 02:33,2025-01-12 12:09,186.40.215.235,UK,London,Failed,Mobile,4
U106,2025-01-27 02:26,2025-01-27 09:02,93.199.49.16,India,Chennai,Failed,Laptop,4
U130,2025-01-23 11:39,2025-01-23 17:17,127.148.32.128,Thailand,Bangkok,Success,Mobile,1
U129,2025-01-16 17:31,2025-01-16 21:40,192.41.249.116,Thailand,Bangkok,Failed,Laptop,3
U123,2025-01-02 08:22,2025-01-02 12:24,154.198.135.23,Thailand,Bangkok,Failed,Laptop,3
U121,2025-01-29 10:00,2025-01-29 19:30,254.197.99.14,India,Chennai,Failed,Mobile,3
U128,2025-01-13 17:17,2025-01-13 20:13,96.166.190.120,Germany,Berlin,Failed,Laptop,5
U116,2025-01-09 09:37,2025-01-09 11:59,60.52.9.47,China,Beijing,Failed,Laptop,6
U116,2025-01-13 01:25,2025-01-13 07:38,190.69.59.138,India,Bangalore,Success,Laptop,2
U123,2025-01-05 22:58,2025-01-06 06:13,177.116.222.245,China,Beijing,Success,Mobile,0
U112,2025-01-22 09:10,2025-01-22 12:17,234.211.199.130,Nigeria,Lagos,Success,Laptop,2
U112,2025-01-08 06:43,2025-01-08 14:35,121.118.246.226,Thailand,Bangkok,Success,Mobile,2
U113,2025-01-22 00:15,2025-01-22 01:04,74.149.51.108,China,Beijing,Failed,Mobile,4
U109,2025-01-14 10:56,2025-01-14 12:52,50.16.62.122,Thailand,Bangkok,Failed,Laptop,4
U124,2025-01-05 15:55,2025-01-05 20:33,127.211.219.119,China,Beijing,Success,Mobile,0
U129,2025-01-15 07:33,2025-01-15 16:37,249.133.139.191,Nigeria,Lagos,Success,Mobile,0
U125,2025-01-29 01:35,2025-01-29 10:32,171.179.0.5,USA,Texas,Success,Mobile,0
U101,2025-01-26 07:24,2025-01-26 12:03,103.230.202.102,Thailand,Bangkok,Failed,Laptop,6
U124,2025-01-17 03:49,2025-01-17 04:07,236.136.12.137,UK,London,Failed,Mobile,5
U114,2025-01-20 13:57,2025-01-20 17:31,45.95.113.255,China,Beijing,Success,Mobile,0
U110,2025-01-05 03:32,2025-01-05 04:08,93.106.239.119,UK,London,Failed,Mobile,3
U118,2025-01-31 03:35,2025-01-31 08:46,167.52.62.206,Russia,Moscow,Failed,Laptop,3
U111,2025-01-07 19:03,2025-01-07 21:41,251.85.216.146,UK,London,Success,Laptop,2
U107,2025-01-27 23:50,2025-01-28 01:05,95.245.228.170,Germany,Berlin,Success,Laptop,0
U111,2025-01-27 10:19,2025-01-27 14:44,232.94.36.111,Germany,Berlin,Failed,Mobile,3
U127,2025-01-23 20:40,2025-01-23 22:47,80.33.101.54,UK,London,Success,Laptop,1
U112,2025-01-22 07:40,2025-01-22 13:27,61.242.51.86,Russia,Moscow,Failed,Laptop,4
U129,2025-01-08 14:26,2025-01-08 23:27,32.66.177.157,USA,New York,Failed,Laptop,5
U103,2025-01-12 18:12,2025-01-13 02:13,125.200.130.215,UK,London,Success,Mobile,1
U123,2025-01-25 15:23,2025-01-25 17:48,176.187.143.99,UK,London,Success,Mobile,0
U120,2025-01-16 21:25,2025-01-17 01:04,162.183.222.3,UK,London,Success,Laptop,2
U130,2025-01-09 19:50,2025-01-10 01:49,155.100.204.20,China,Beijing,Success,Laptop,2
U123,2025-01-09 17:13,2025-01-09 20:55,55.167.115.137,Russia,Moscow,Failed,Mobile,6
U129,2025-01-26 01:09,2025-01-26 05:25,235.50.65.107,USA,Texas,Success,Mobile,2
U127,2025-01-10 02:00,2025-01-10 10:12,212.38.97.231,USA,New York,Failed,Mobile,6
U120,2025-01-05 05:25,2025-01-05 12:40,136.189.236.207,India,Hyderabad,Failed,Mobile,3
U102,2025-01-04 16:45,2025-01-04 22:17,133.196.161.62,USA,Texas,Success,Laptop,0
U122,2025-01-04 13:56,2025-01-04 23:41,25.167.84.147,Nigeria,Lagos,Success,Laptop,1
U111,2025-01-29 11:58,2025-01-29 18:32,143.159.230.154,USA,New York,Success,Mobile,2
U113,2025-01-21 19:10,2025-01-21 21:58,246.74.216.168,Russia,Moscow,Success,Mobile,1
U115,2025-01-24 06:18,2025-01-24 14:35,225.208.161.85,UK,London,Success,Mobile,1
U101,2025-01-03 06:54,2025-01-03 13:20,211.57.31.240,USA,New York,Failed,Laptop,4
U114,2025-01-09 13:50,2025-01-09 23:09,197.161.200.206,Germany,Berlin,Success,Mobile,1
U123,2025-01-18 21:22,2025-01-19 05:25,141.24.21.101,UK,London,Success,Laptop,2
U118,2025-01-03 12:18,2025-01-03 15:09,132.233.104.188,Thailand,Bangkok,Success,Mobile,0
U121,2025-01-09 08:12,2025-01-09 08:36,24.156.132.168,UK,London,Success,Laptop,2
U128,2025-01-09 02:06,2025-01-09 06:20,197.73.47.189,USA,New York,Success,Mobile,1
U115,2025-01-01 23:38,2025-01-02 00:59,101.41.189.45,China,Beijing,Failed,Laptop,5
U118,2025-01-08 16:50,2025-01-08 19:13,230.64.142.211,UK,London,Success,Mobile,2
U103,2025-01-20 06:54,2025-01-20 10:56,50.42.205.95,USA,Texas,Success,Laptop,2
U128,2025-01-26 23:51,2025-01-27 08:53,127.168.152.72,Nigeria,Lagos,Success,Mobile,2
U107,2025-01-01 22:40,2025-01-02 08:22,52.184.115.38,Germany,Berlin,Success,Laptop,0
U106,2025-01-11 00:38,2025-01-11 01:04,203.121.23.51,USA,Texas,Failed,Mobile,3
U112,2025-01-25 06:23,2025-01-25 13:49,227.127.84.142,China,Beijing,Failed,Mobile,6
U113,2025-01-20 19:08,2025-01-20 22:10,255.164.217.60,India,Hyderabad,Failed,Mobile,6
U126,2025-01-10 19:37,2025-01-10 23:07,158.101.5.49,Germany,Berlin,Failed,Mobile,3
U118,2025-01-30 06:30,2025-01-30 09:42,231.21.25.10,UK,London,Success,Laptop,2
U130,2025-01-24 14:19,2025-01-24 20:26,153.189.181.191,China,Beijing,Success,Mobile,0
U122,2025-01-07 23:18,2025-01-07 23:44,128.55.240.10,Russia,Moscow,Success,Laptop,1
U109,2025-01-29 05:39,2025-01-29 07:04,22.56.146.93,Thailand,Bangkok,Success,Mobile,1
U115,2025-01-22 08:22,2025-01-22 10:37,174.154.183.152,USA,Texas,Success,Mobile,2
U120,2025-01-18 00:20,2025-01-18 07:15,49.102.43.12,Germany,Berlin,Success,Laptop,2
U127,2025-01-30 20:02,2025-01-30 23:10,247.34.139.190,Thailand,Bangkok,Failed,Laptop,3
U127,2025-01-17 08:52,2025-01-17 15:39,249.140.125.14,Thailand,Bangkok,Success,Mobile,0
U112,2025-01-17 17:13,2025-01-17 21:55,200.100.31.159,India,Pune,Success,Mobile,2
U112,2025-01-31 12:57,2025-01-31 14:46,200.61.137.234,China,Beijing,Success,Mobile,2
U106,2025-01-24 05:11,2025-01-24 11:49,154.31.82.202,India,Pune,Success,Mobile,0
U105,2025-01-07 23:24,2025-01-08 01:30,135.207.72.98,USA,Texas,Failed,Laptop,4
U118,2025-01-11 17:10,2025-01-11 17:38,114.18.58.241,China,Beijing,Failed,Laptop,4
U118,2025-01-15 03:41,2025-01-15 09:50,174.110.26.76,Russia,Moscow,Success,Mobile,0
U122,2025-01-06 15:00,2025-01-06 18:34,227.72.203.62,Germany,Berlin,Success,Laptop,2
U127,2025-01-21 11:06,2025-01-21 11:40,125.55.119.184,Russia,Moscow,Success,Mobile,1
U124,2025-01-10 16:26,2025-01-10 23:15,55.114.252.162,UK,London,Success,Laptop,0
U129,2025-01-16 22:43,2025-01-17 04:40,59.205.7.238,China,Beijing,Failed,Mobile,3
U130,2025-01-18 08:28,2025-01-18 11:06,64.220.253.244,China,Beijing,Success,Mobile,2
U129,2025-01-15 15:34,2025-01-15 20:14,235.222.151.218,UK,London,Success,Laptop,2
U102,2025-01-30 18:51,2025-01-30 22:04,70.101.195.90,UK,London,Success,Mobile,1
U112,2025-01-05 15:08,2025-01-05 23:38,148.163.207.95,China,Beijing,Success,Mobile,0
U129,2025-01-03 22:54,2025-01-04 02:16,220.225.175.178,USA,New York,Success,Laptop,0
U113,2025-01-01 03:54,2025-01-01 04:31,145.28.121.79,Russia,Moscow,Success,Mobile,2
U128,2025-01-07 17:13,2025-01-07 20:11,103.233.23.161,China,Beijing,Failed,Laptop,5
U103,2025-01-11 04:24,2025-01-11 06:42,45.24.240.42,USA,New York,Failed,Mobile,4
U103,2025-01-24 15:25,2025-01-24 21:28,82.42.121.251,Germany,Berlin,Success,Mobile,2
U114,2025-01-29 19:16,2025-01-29 23:44,178.69.121.113,UK,London,Success,Mobile,1
U107,2025-01-30 01:40,2025-01-30 04:14,124.132.172.160,Nigeria,Lagos,Success,Laptop,1
U108,2025-01-25 23:39,2025-01-25 23:58,70.250.115.92,USA,New York,Failed,Laptop,4
U104,2025-01-09 05:15,2025-01-09 10:04,186.149.41.202,India,Chennai,Failed,Laptop,5
U128,2025-01-01 21:30,2025-01-01 23:33,243.162.190.133,UK,London,Failed,Laptop,6
U123,2025-01-16 13:05,2025-01-16 19:43,19.220.86.111,Thailand,Bangkok,Success,Mobile,0
U107,2025-01-26 23:09,2025-01-27 01:21,70.31.31.82,UK,London,Success,Mobile,0
U105,2025-01-13 17:27,2025-01-14 01:12,131.59.83.140,Germany,Berlin,Success,Laptop,0
U110,2025-01-16 02:54,2025-01-16 10:44,248.110.105.198,Russia,Moscow,Success,Mobile,0
U130,2025-01-20 21:12,2025-01-21 06:47,195.222.170.86,India,Pune,Failed,Laptop,5
U115,2025-01-30 22:32,2025-01-31 05:10,197.25.132.180,China,Beijing,Success,Laptop,0
U130,2025-01-01 22:23,2025-01-02 03:31,25.43.90.87,Thailand,Bangkok,Failed,Mobile,5
U118,2025-01-11 12:00,2025-01-11 14:20,146.115.198.63,Russia,Moscow,Success,Mobile,0
U123,2025-01-14 19:36,2025-01-14 21:57,101.90.209.56,Russia,Moscow,Failed,Laptop,4
U104,2025-01-27 06:07,2025-01-27 09:02,241.88.221.231,UK,London,Failed,Mobile,6
U109,2025-01-06 22:45,2025-01-07 07:44,133.218.72.248,Nigeria,Lagos,Success,Laptop,0
U115,2025-01-09 21:28,2025-01-10 05:42,124.186.87.166,China,Beijing,Failed,Laptop,5
U129,2025-01-24 14:37,2025-01-24 16:49,67.134.241.171,Nigeria,Lagos,Failed,Mobile,4
U115,2025-01-19 06:22,2025-01-19 14:50,192.0.110.50,Nigeria,Lagos,Success,Mobile,0
U125,2025-01-30 14:45,2025-01-30 18:39,206.117.223.20,Nigeria,Lagos,Success,Laptop,0
U127,2025-01-15 08:13,2025-01-15 12:17,61.7.189.34,Nigeria,Lagos,Success,Laptop,1
U105,2025-01-26 15:59,2025-01-26 16:13,142.62.201.159,Nigeria,Lagos,Success,Mobile,1
U110,2025-01-19 06:13,2025-01-19 10:10,189.128.125.239,USA,Texas,Failed,Laptop,5
U118,2025-01-19 13:27,2025-01-19 23:13,74.248.69.133,UK,London,Success,Mobile,1
U130,2025-01-25 23:40,2025-01-26 02:37,108.42.149.232,Russia,Moscow,Success,Laptop,1
U130,2025-01-02 13:00,2025-01-02 19:30,149.228.200.104,China,Beijing,Success,Laptop,0
U128,2025-01-18 00:11,2025-01-18 09:04,189.238.132.138,China,Beijing,Success,Laptop,0
U129,2025-01-12 09:35,2025-01-12 19:34,209.92.19.110,China,Beijing,Failed,Mobile,5
U128,2025-01-19 19:52,2025-01-20 04:48,190.31.225.239,USA,Texas,Failed,Laptop,6
U121,2025-01-29 16:12,2025-01-29 18:40,117.137.117.165,Nigeria,Lagos,Success,Mobile,0
U114,2025-01-20 22:26,2025-01-21 02:05,33.73.120.97,China,Beijing,Success,Laptop,0
U115,2025-01-03 07:50,2025-01-03 12:17,83.145.13.202,Russia,Moscow,Failed,Mobile,3
U123,2025-01-19 14:04,2025-01-19 18:34,179.189.151.83,Russia,Moscow,Success,Laptop,1
U106,2025-01-02 04:50,2025-01-02 08:45,74.37.3.203,Russia,Moscow,Failed,Mobile,6
U129,2025-01-13 01:13,2025-01-13 06:20,114.8.140.135,India,Chennai,Success,Laptop,2
U104,2025-01-16 14:58,2025-01-16 17:53,76.72.136.155,UK,London,Success,Laptop,1
U102,2025-01-04 11:23,2025-01-04 19:33,51.250.41.103,India,Bangalore,Failed,Laptop,6
U103,2025-01-18 19:43,2025-01-19 05:19,125.123.254.111,Germany,Berlin,Failed,Laptop,6
U115,2025-01-07 18:01,2025-01-08 03:26,18.91.86.243,USA,New York,Failed,Mobile,5
U121,2025-01-25 01:29,2025-01-25 01:52,82.184.85.131,Germany,Berlin,Success,Laptop,2
U117,2025-01-16 15:41,2025-01-16 18:10,50.34.79.198,Russia,Moscow,Success,Laptop,1
U127,2025-01-22 20:30,2025-01-23 05:51,147.147.226.182,UK,London,Failed,Laptop,6
U128,2025-01-24 12:45,2025-01-24 19:03,70.252.198.206,China,Beijing,Failed,Laptop,3
U117,2025-01-05 15:38,2025-01-05 19:20,185.134.159.125,USA,Texas,Failed,Mobile,5
U113,2025-01-31 02:23,2025-01-31 03:37,109.100.240.28,UK,London,Success,Laptop,0
U122,2025-01-04 06:39,2025-01-04 07:50,167.198.179.148,India,Hyderabad,Failed,Mobile,6
U101,2025-01-03 15:20,2025-01-03 19:28,206.88.252.44,UK,London,Failed,Mobile,3
U102,2025-01-19 02:50,2025-01-19 03:53,25.29.135.150,USA,New York,Failed,Laptop,6
U110,2025-01-21 21:20,2025-01-21 22:49,29.140.10.252,Thailand,Bangkok,Failed,Mobile,4
U116,2025-01-17 12:48,2025-01-17 20:52,97.77.137.113,Germany,Berlin,Failed,Mobile,6
U120,2025-01-03 09:09,2025-01-03 09:18,238.108.148.73,Nigeria,Lagos,Success,Laptop,2
U125,2025-01-19 19:54,2025-01-20 03:58,85.61.42.173,UK,London,Failed,Mobile,6
U125,2025-01-29 09:10,2025-01-29 11:11,78.48.201.192,Germany,Berlin,Failed,Mobile,3
U107,2025-01-15 23:20,2025-01-16 07:46,197.26.66.233,Germany,Berlin,Failed,Mobile,3
U102,2025-01-10 01:15,2025-01-10 04:15,213.190.45.160,USA,New York,Success,Mobile,2
U129,2025-01-03 11:06,2025-01-03 15:27,217.121.141.235,Russia,Moscow,Failed,Laptop,6
U123,2025-01-13 23:47,2025-01-14 09:23,123.252.111.201,Nigeria,Lagos,Success,Laptop,2
U109,2025-01-08 05:53,2025-01-08 06:54,125.159.191.183,USA,New York,Success,Mobile,0
U129,2025-01-13 03:32,2025-01-13 11:17,234.229.180.106,UK,London,Failed,Mobile,3
U117,2025-01-25 03:02,2025-01-25 12:44,145.226.221.13,UK,London,Success,Laptop,2
U111,2025-01-28 00:06,2025-01-28 00:33,24.88.48.190,China,Beijing,Success,Mobile,0
U118,2025-01-14 04:32,2025-01-14 11:06,14.79.219.41,Thailand,Bangkok,Failed,Mobile,5
U109,2025-01-31 05:55,2025-01-31 10:38,91.70.18.192,USA,Texas,Success,Laptop,0
U119,2025-01-14 15:30,2025-01-14 23:15,124.243.76.188,Germany,Berlin,Success,Mobile,0
U129,2025-01-09 00:03,2025-01-09 08:07,181.76.57.36,Nigeria,Lagos,Success,Laptop,1
U122,2025-01-25 05:37,2025-01-25 05:47,46.65.244.191,Russia,Moscow,Success,Mobile,1
U102,2025-01-21 11:20,2025-01-21 17:19,108.244.233.184,Thailand,Bangkok,Failed,Laptop,4
U111,2025-01-28 21:46,2025-01-29 06:53,45.177.189.127,China,Beijing,Failed,Mobile,3
U122,2025-01-24 13:18,2025-01-24 13:54,54.131.242.10,India,Bangalore,Success,Mobile,0
U120,2025-01-07 10:43,2025-01-07 19:09,103.143.34.84,Russia,Moscow,Success,Laptop,0
U122,2025-01-15 16:05,2025-01-15 20:22,216.31.245.170,Germany,Berlin,Failed,Mobile,4
U105,2025-01-07 16:22,2025-01-08 00:56,111.205.120.61,Nigeria,Lagos,Success,Mobile,0
U103,2025-01-20 00:35,2025-01-20 01:27,119.114.204.217,China,Beijing,Success,Mobile,0
U114,2025-01-10 21:59,2025-01-10 23:12,13.104.231.127,Nigeria,Lagos,Failed,Mobile,6
U116,2025-01-23 22:45,2025-01-23 23:16,89.251.23.66,USA,New York,Failed,Laptop,5
U114,2025-01-29 11:53,2025-01-29 15:42,29.197.200.71,China,Beijing,Success,Laptop,0
U120,2025-01-07 18:26,2025-01-07 18:56,221.6.232.114,UK,London,Success,Mobile,0
U104,2025-01-21 19:43,2025-01-22 00:09,186.216.220.223,Thailand,Bangkok,Failed,Laptop,5
U102,2025-01-25 05:37,2025-01-25 05:46,240.80.214.136,India,Pune,Success,Laptop,2
U110,2025-01-07 01:34,2025-01-07 02:13,12.94.214.251,Russia,Moscow,Success,Laptop,0
U123,2025-01-10 05:31,2025-01-10 14:10,148.182.156.16,China,Beijing,Success,Mobile,0
U107,2025-01-21 12:40,2025-01-21 17:28,58.99.38.184,Thailand,Bangkok,Failed,Laptop,5
U130,2025-01-01 02:39,2025-01-01 03:28,203.221.51.42,Thailand,Bangkok,Failed,Laptop,6
U104,2025-01-04 21:17,2025-01-05 04:54,143.0.104.243,UK,London,Success,Laptop,0
U107,2025-01-14 11:18,2025-01-14 16:13,182.43.232.102,Germany,Berlin,Failed,Laptop,3
U130,2025-01-21 16:40,2025-01-21 18:33,241.19.59.0,Thailand,Bangkok,Failed,Laptop,5
U115,2025-01-19 16:01,2025-01-19 16:56,214.41.1.67,China,Beijing,Success,Mobile,1
U119,2025-01-31 18:51,2025-01-31 22:33,133.247.96.158,Germany,Berlin,Success,Laptop,0
U114,2025-01-07 22:19,2025-01-08 07:29,34.251.210.96,UK,London,Failed,Mobile,3
U111,2025-01-20 15:49,2025-01-20 19:11,214.237.106.9,Russia,Moscow,Success,Laptop,2
U114,2025-01-29 09:32,2025-01-29 17:26,162.30.135.242,Nigeria,Lagos,Success,Mobile,0
U103,2025-01-26 07:13,2025-01-26 15:05,95.189.161.36,UK,London,Success,Mobile,0
U112,2025-01-24 10:06,2025-01-24 12:51,24.87.8.101,UK,London,Failed,Laptop,5
U123,2025-01-29 12:05,2025-01-29 21:44,165.235.114.111,China,Beijing,Success,Laptop,0
U103,2025-01-02 15:20,2025-01-02 20:21,176.190.224.196,Nigeria,Lagos,Success,Laptop,2
U102,2025-01-24 09:56,2025-01-24 11:33,62.135.224.242,UK,London,Failed,Laptop,6
U113,2025-01-04 07:39,2025-01-04 07:57,31.158.89.108,UK,London,Failed,Mobile,3
